[
  {
    "id": "b507d25e-a46f-4361-ab93-b6ff0831571e",
    "data": [
      {
        "text": "Dear RAV\r\nWe would like to employ someone with the job title \"Gleisbauer\".\r\nSince this position is subject to notification, please find the details below:\r\nConditions: Unlimited contract Full Time\r\nExperience: Entry level, no experience required\r\nLocation:",
        "userDefined": false
      }
    ],
    "isTemplate": false,
    "count": 0,
    "updated": 0
  },
  {
    "id": "b9242e8a-0869-41ec-b764-5ee2ea385b8f",
    "data": [
      {
        "text": "Its a super nice weather!\n",
        "userDefined": false
      }
    ],
    "isTemplate": false,
    "count": 0,
    "updated": 0
  },
  {
    "id": "913478e9-80c5-4c61-8ff8-c8bb3473528e",
    "data": [
      {
        "text": "The weather is great!\n\nFrom: Team Gorgonzola\u003cmailto:team.gorgonzola@gmail.com\u003e\nSent: Wednesday, May 13, 2020 8:50 PM\nTo: Brufatto Eliane (s)\u003cmailto:eliane.brufatto@students.fhnw.ch\u003e\nSubject: Report Job Position (Ref: 38f1f176-954a-11ea-8af8-62f6c563b9",
        "userDefined": false
      }
    ],
    "isTemplate": false,
    "count": 0,
    "updated": 0
  },
  {
    "id": "03288991-28a6-489b-9811-8deafb3da150",
    "data": [
      {
        "text": "This job title has been rejected. (Ref: f2cc1ace-00c2-4909-be8c-829a5d6e4a07)",
        "userDefined": false
      }
    ],
    "isTemplate": false,
    "count": 1,
    "updated": 0
  },
  {
    "id": "ccae8bc1-7b10-42a0-8310-b858bcdbc2e6",
    "data": [
      {
        "text": "This job title was declined. (Ref: aae6abce-429b-4556-965b-dcd317a69c82)",
        "userDefined": false
      }
    ],
    "isTemplate": false,
    "count": 0,
    "updated": 0
  }
]