[
  {
    "id": "b4947a2b-ef05-4410-87fa-819108fecb09",
    "data": [
      {
        "text": "Go ahead and publish it!",
        "userDefined": false
      }
    ],
    "isTemplate": false,
    "count": 0,
    "updated": 0
  },
  {
    "id": "74d2e2cc-de54-4674-84c8-cdcac7bb8d94",
    "data": [
      {
        "text": "please publish",
        "userDefined": false
      }
    ],
    "isTemplate": false,
    "count": 0,
    "updated": 0
  },
  {
    "id": "c0a8bcb3-52cf-494d-9f08-53c46677b280",
    "data": [
      {
        "text": "go ahead and publish",
        "userDefined": false
      }
    ],
    "isTemplate": false,
    "count": 0,
    "updated": 0
  },
  {
    "id": "f873f209-5d82-4cbc-8b5f-c03d788b4481",
    "data": [
      {
        "text": "its fine, you can go ahead",
        "userDefined": false
      }
    ],
    "isTemplate": false,
    "count": 0,
    "updated": 0
  },
  {
    "id": "6feccdd4-8252-4b93-99e8-56a8a518ffdc",
    "data": [
      {
        "text": "its ok, you can publish it",
        "userDefined": false
      }
    ],
    "isTemplate": false,
    "count": 0,
    "updated": 0
  },
  {
    "id": "6f8cf256-90d4-44f1-9b99-ce74c9d16827",
    "data": [
      {
        "text": "please go ahead",
        "userDefined": false
      }
    ],
    "isTemplate": false,
    "count": 0,
    "updated": 0
  },
  {
    "id": "25a598c7-4311-4b92-88f2-0f0cd969377f",
    "data": [
      {
        "text": "feel free to publish it right away",
        "userDefined": false
      }
    ],
    "isTemplate": false,
    "count": 0,
    "updated": 0
  }
]