[
  {
    "id": "b943255f-a0cb-4932-95bc-88ea9896ba3b",
    "data": [
      {
        "text": "Der SBB\n\n\nPlease wait five days before you publish.\n\n\nBR,\n\nRAV\n\n________________________________\nFrom: Team Gorgonzola \u003cteam.gorgonzola@gmail.com\u003e\nSent: Sunday, May 24, 2020 4:56:36 PM\nTo: Brufatto Eliane (s)\nSubject: Report Job Position (Ref",
        "userDefined": false
      }
    ],
    "isTemplate": false,
    "count": 0,
    "updated": 0
  },
  {
    "id": "6c3a71cd-cfca-493e-9e01-c50955f4fc43",
    "data": [
      {
        "text": "Please wait some days before you publish.\n\n\nThanks\n\nRAV",
        "userDefined": false
      }
    ],
    "isTemplate": false,
    "count": 0,
    "updated": 0
  },
  {
    "id": "08182fef-6196-4ef2-a1e5-00c547c40f50",
    "data": [
      {
        "text": "please wait us to publish it",
        "userDefined": false
      }
    ],
    "isTemplate": false,
    "count": 0,
    "updated": 0
  },
  {
    "id": "2156bf3e-003c-4595-9267-4966fcddc20f",
    "data": [
      {
        "text": "we\u0027ll will publish it",
        "userDefined": false
      }
    ],
    "isTemplate": false,
    "count": 0,
    "updated": 0
  },
  {
    "id": "cfedecbc-b022-424a-8576-f155e84c0bfc",
    "data": [
      {
        "text": "Please wait, we\u0027re going to publish it ",
        "userDefined": false
      },
      {
        "text": "first",
        "meta": "@sys.ignore",
        "userDefined": false
      }
    ],
    "isTemplate": false,
    "count": 0,
    "updated": 0
  }
]